m,n,m/n,nClass,meanAll,avgSTDAll,entropyClass,Q75,Q25,Q75-Q25,ChiClass,avgChiAll,medChiAll,stdChiAll,minChiAll,maxChiAll,avgPearCorrClass,avgPearCorrAll,avgKendCorrClass,avgKendCorrAll,avgSpeaCorrClass,avgSpeaCorrAll,avgCovClass,avgCovAll,avgKLNormAll,avgKLUnifAll,avgKLLogiAll,avgKLExpoAll,avgKLChiAll,avgKLRaylAll,avgKLParetAll,avgKLZipfAll,KLNormClass,KLUnifClass,KLLogiClass,KLExpoClass,KLChiClass,KLRaylClass,KLParetClass,KLZipfClass,radComClass,class
696,65,10.70769231,3,0.442953009,0.110500185,6.438516343,3,1,2,268.4675325,20.25435838,21.69758075,7.3403646,5.972927525,33.24244293,0.027924209,0.702668705,0.054527846,0.505193575,0.065756102,0.651488019,0.012577596,0.00869584,0,0,64.50094845,2065.691483,0,0,-266.4933941,691.4290409,-281.4240264,630.3324571,-470.9446033,-88.00707939,57.8399558,2025.262473,-429.6457181,60.69824811,0.105363985,0.356128364
696,65,10.70769231,3,0.396443434,0.086464029,6.438516343,3,1,2,268.4675325,15.03707186,12.91375072,8.873116953,3.819935921,33.47094926,0.013064834,0.553043686,0.015268141,0.429005897,0.014867577,0.562418326,0.010794463,0.004423252,0,0,23.51040661,2026.217619,0,0,-258.904311,762.4289053,-279.3982712,669.1464072,-442.8596716,-44.16309039,26.77831604,2019.666698,-381.1823854,233.9985685,0.11302682,0.467060041
696,65,10.70769231,3,0.528470533,0.12333487,6.438516343,3,1,2,268.4675325,20.28409929,20.48792565,3.734199467,9.189916637,30.64960618,-0.036991924,0.7367307,-0.003009639,0.549171012,-0.008990736,0.704066673,0.005035916,0.011235847,0,0,137.0309841,2032.464952,0,0,-251.9535161,725.1645142,-257.1342058,753.7936977,-498.2308387,-85.76257862,129.1545391,2056.691973,-425.1094381,133.4145335,0.121168582,0.460745342
696,65,10.70769231,3,0.352806101,0.129038237,6.438516343,3,1,2,268.4675325,34.58993867,34.96582493,9.46436953,5.701610029,50.77171437,0.024706241,0.685123065,0.03626828,0.475899955,0.041747444,0.62258544,0.011695691,0.011330942,0,0,9.866140146,2081.213856,0,0,-246.6021927,750.9446032,-241.8612076,749.2704057,-417.5830851,-68.25478031,-3.966305078,2070.557887,-391.9104212,60.0287632,0.109195402,0.343581781
696,65,10.70769231,3,0.474018718,0.08697659,6.435629175,3,1,2,277.8461538,11.56578394,10.58769261,4.291803756,4.952223765,27.23669663,-0.023474114,0.663042574,-0.009710096,0.407668148,-0.017647729,0.54071351,0.008260511,0.004768817,0,0,81.99569909,2082.886685,0,0,-298.0216339,646.3216398,-272.937012,763.7663632,-489.8017929,-85.56240611,111.0710326,2182.904113,-415.787678,171.4177287,0.109195402,0.45
696,65,10.70769231,3,0.484623988,0.109616293,6.440051758,2,1,1,263.5294118,18.00201056,15.18383656,7.658312217,6.852042614,38.16035143,-0.134820043,0.64789269,-0.088688748,0.471448791,-0.119712187,0.6145896,-0.002784883,0.007862261,0,0,98.31714983,1984.579579,0,0,-273.7130959,635.9059528,-254.9952985,783.656412,-481.1690152,-84.48775125,112.3037372,2038.384758,-430.605984,107.2358325,0.107758621,0.428012422
696,65,10.70769231,3,0.463146666,0.113350585,6.438516343,3,1,2,268.4675325,20.10624169,20.72257257,6.656661648,11.36552646,39.89728844,0.002332326,0.561392569,0.027132346,0.412668991,0.030052627,0.539842013,0.009048933,0.007259982,0,0,92.75760355,2041.62187,0,0,-293.0144062,578.5135341,-276.2202286,669.8554523,-481.2013427,-129.1443406,101.7664113,2121.612998,-430.879214,69.38324399,0.108237548,0.350434783
696,65,10.70769231,3,0.426086042,0.11979846,6.437042634,3,1,2,273.2387097,23.70800797,24.4065629,3.965935215,14.39839714,30.94787268,0.056536418,0.693302872,0.054718774,0.500364743,0.066332467,0.649994356,0.014922102,0.009953527,0,0,64.43069457,2162.721607,0,0,-268.5175993,722.9538242,-270.9102594,712.0087913,-476.5467447,-150.0136105,64.92461535,2094.223206,-415.1971167,117.1437419,0.114463602,0.33194617
696,65,10.70769231,3,0.469646877,0.125109714,6.440051758,2,1,1,263.5294118,23.8444459,24.6252037,6.000931213,8.692580235,36.461621,0.138214957,0.696547068,0.108476405,0.517165309,0.136015803,0.664910582,0.023159283,0.011005933,0,0,87.50474587,2036.762098,0,0,-258.1722247,740.0362573,-295.1350968,600.1054589,-495.7262784,-170.6058407,124.2985068,2198.516594,-417.3415994,108.109577,0.110153257,0.376397516
696,65,10.70769231,3,0.502202971,0.105342985,6.440051758,2,1,1,263.5294118,15.94913675,15.52881192,4.963293798,7.511228513,30.98041252,0.017798085,0.554870467,0.009672292,0.41886692,0.008426873,0.548983985,0.010596018,0.006096878,0,0,121.825238,2085.626498,0,0,-259.251138,736.2043055,-298.9671589,582.6764615,-472.299963,-30.96951647,110.4889966,1946.765844,-441.8968268,52.75998594,0.107279693,0.329047619
696,65,10.70769231,3,0.457287616,0.113412155,6.438516343,3,1,2,268.4675325,21.00974897,22.49232493,8.196445308,6.532491107,37.26672271,0.039020463,0.642809211,0.032798987,0.482185903,0.037691542,0.628018752,0.013462429,0.008344909,0,0,83.09209146,2054.92297,0,0,-274.488087,707.7195699,-256.5464532,759.2233157,-475.6291075,-86.61744443,83.6198278,1979.090219,-398.9788228,162.4005,0.122126437,0.440973085
696,65,10.70769231,3,0.466473978,0.125218268,6.435629175,3,1,2,277.8461538,23.98401786,24.17882609,6.538889534,13.33556123,34.79394538,-0.031303904,0.765818367,-0.021230966,0.575463385,-0.031948261,0.724148238,0.006072468,0.012042606,0,0,75.992047,2024.329173,0,0,-261.4925862,772.3185493,-267.4694888,799.5314266,-456.7083072,-8.942277545,107.09016,2148.352364,-426.6794907,89.287207,0.108716475,0.380890269
696,65,10.70769231,3,0.48410045,0.115665461,6.438516343,3,1,2,268.4675325,19.98491308,18.89771087,6.775188289,10.40696273,39.00357996,0.04651902,0.672893383,0.058270031,0.467943163,0.070942112,0.610894909,0.013980653,0.009042922,0,0,80.11597423,2026.517942,0,0,-248.0931248,793.6881527,-259.1882835,726.948105,-486.1214145,-106.3675542,138.9360233,2197.937932,-403.1636814,210.6354485,0.117816092,0.382070393
696,65,10.70769231,3,0.513062364,0.11562937,6.437042634,3,1,2,273.2387097,19.32398837,20.85704838,8.214492088,5.458879283,33.28568554,0.089483477,0.510367515,0.063978532,0.400984896,0.078220671,0.539130284,0.017581306,0.007126983,0,0,136.7088399,2100.301565,0,0,-266.0769287,714.6011637,-269.5756407,703.3435977,-503.2445435,-118.476759,106.1300806,1914.896265,-449.2483161,51.80497543,0.100574713,0.426625259
696,65,10.70769231,3,0.443818217,0.114567097,6.438516343,3,1,2,268.4675325,21.25147151,21.20754697,6.488702954,5.564040501,36.54781593,-0.034165328,0.599145847,0.000924752,0.431540304,-0.003345263,0.572781407,0.006194135,0.008123192,0,0,75.13369447,2070.863133,0,0,-255.0720092,758.2265158,-266.222375,750.4843525,-469.7334346,-122.1810203,63.10387297,2069.550991,-412.0687192,108.547355,0.112068966,0.399503106
696,65,10.70769231,3,0.452801596,0.121678372,6.437042634,3,1,2,273.2387097,23.13618687,20.58910893,5.810485656,15.04621992,38.91753497,-0.002740357,0.771351338,-0.003509406,0.610353093,-0.007871752,0.768742873,0.008740439,0.011354852,0,0,92.43589855,2124.594131,0,0,-292.474958,634.411354,-285.0614954,672.7334104,-470.41343,-80.09465021,86.61430957,2107.984267,-409.9854585,121.2891747,0.107758621,0.37057971
696,65,10.70769231,3,0.540842712,0.089791104,6.438516343,3,1,2,268.4675325,10.73768811,10.24532413,3.528291401,5.899412681,25.56195139,-0.010039588,0.769306278,-0.008532484,0.529852215,-0.014513318,0.677326455,0.008769412,0.006106042,0,0,142.8477585,2060.828959,0,0,-261.8578478,692.1237667,-259.7974709,664.3906589,-501.3762936,-52.15679286,156.6854577,2119.89421,-429.5684708,157.1755497,0.114463602,0.388281573
696,65,10.70769231,3,0.487690329,0.110997972,6.437042634,3,1,2,273.2387097,17.6367444,17.31026892,1.993529499,13.96537388,23.0259135,-0.160468721,0.762988271,-0.070988397,0.568932287,-0.096289554,0.717083035,-0.00543094,0.009362892,0,0,100.3137702,2097.94151,0,0,-274.3757583,694.0376695,-285.5092186,660.8137244,-494.6425343,-81.97951573,117.2061886,2141.437257,-432.8543685,89.26268655,0.117816092,0.364989648
696,65,10.70769231,3,0.519406727,0.117367941,6.438516343,3,1,2,268.4675325,21.27392851,18.54821774,13.08788107,3.863255443,46.49407112,-0.044401397,0.630573684,-0.019145193,0.48139879,-0.029732402,0.63078071,0.00571631,0.009063801,0,0,141.6479639,2113.309716,0,0,-266.3425432,669.2626493,-263.0379608,686.5014884,-501.5924507,-105.6223667,109.1453956,1985.885713,-452.1686463,93.48814482,0.127394636,0.29747412
696,65,10.70769231,3,0.441588821,0.125520392,6.438516343,3,1,2,268.4675325,25.6944749,24.72698212,6.949438049,12.33124199,41.34560531,-0.129729156,0.640974303,-0.070561805,0.425281663,-0.095372482,0.563614225,-0.00450119,0.010178662,0,0,57.87079156,1981.264543,0,0,-268.6881557,734.6008617,-296.7933438,558.2773037,-457.2802705,-63.736877,79.16973494,2130.33967,-413.3190042,134.9750259,0.112068966,0.385175983
696,65,10.70769231,3,0.425113987,0.090056663,6.440051758,2,1,1,263.5294118,14.03587437,13.84694655,4.707882978,5.467080314,25.72277803,-0.003064896,0.802471146,0.00384936,0.625727036,0.001211057,0.775795596,0.008797088,0.006593869,0,0,56.51367417,2046.341292,0,0,-273.4311989,705.7539132,-277.6397654,706.1025832,-467.3790888,-127.0203285,59.58048789,2097.463941,-398.9538543,139.8716001,0.107758621,0.355113872
696,65,10.70769231,3,0.417006424,0.127283905,6.437042634,3,1,2,273.2387097,28.09300392,27.7982497,7.595451289,9.10408818,41.52573398,0.067071693,0.633292744,0.072522031,0.463273477,0.090745885,0.605501479,0.016573097,0.010303176,0,0,45.32573379,2038.904896,0,0,-268.1884521,747.3998848,-256.508873,748.6529459,-455.2641053,-83.99087639,56.28139043,2090.291899,-416.3954168,86.52105399,0.119731801,0.491449275
696,65,10.70769231,3,0.540500045,0.119857063,6.437042634,3,1,2,273.2387097,18.85824401,17.66216254,4.466939716,11.67585301,32.48628389,0.020300641,0.79376886,0.018275534,0.633013304,0.019504554,0.78753664,0.011380249,0.01140446,0,0,117.9810785,1939.707189,0,0,-237.6493079,794.6167923,-275.0283755,646.7130408,-500.6213659,-69.4898501,156.9543786,2079.206948,-428.782022,173.903584,0.107279693,0.333436853
696,65,10.70769231,3,0.482800819,0.116707117,6.437042634,3,1,2,273.2387097,20.09582622,19.60878544,5.308707637,9.569064162,32.53391757,0.093006193,0.691144726,0.060988235,0.498745679,0.074156224,0.645894792,0.018491534,0.009469711,0,0,95.19033703,2071.643436,0,0,-259.6612681,765.2465709,-238.6746174,828.4950233,-491.0043351,-86.953178,79.25029325,1946.421633,-418.9051352,146.4666351,0.10967433,0.350538302
696,65,10.70769231,3,0.387846414,0.107075255,6.437042634,3,1,2,273.2387097,22.07424537,22.93164771,8.678423317,6.214409058,38.35847179,0.110165429,0.631731149,0.107916526,0.454850466,0.134998426,0.599183147,0.020566667,0.007375698,0,0,22.38611251,2049.159116,0,0,-271.4138432,728.0665815,-272.1100527,699.0029869,-447.2972952,-84.85068186,16.08664828,2009.899027,-394.5909903,115.9585619,0.106800766,0.287308489
696,65,10.70769231,3,0.529901467,0.099311564,6.440051758,2,1,1,263.5294118,13.25150878,13.20065854,2.372056997,5.851158188,17.64683768,0.074663049,0.75107295,0.083218018,0.532300566,0.101813047,0.686721732,0.015053848,0.007436289,0,0,157.6352765,2100.064164,0,0,-265.7258025,642.8165671,-294.6399105,602.5695786,-508.2532742,-122.2111372,169.2849486,2161.946005,-438.7915314,98.96608613,0.12164751,0.368033126
696,65,10.70769231,3,0.492019047,0.113945696,6.438516343,3,1,2,268.4675325,19.15025938,19.31377633,6.822673616,8.665862894,34.07703979,-0.021015449,0.589698279,-0.013937258,0.426993639,-0.022369177,0.562991701,0.007246931,0.00757238,0,0,100.8883189,1981.246856,0,0,-263.5086992,678.997275,-236.424464,801.0433709,-491.9074297,-95.52290139,146.3588616,2127.544268,-426.1889354,147.5971235,0.102969349,0.352215321
696,65,10.70769231,3,0.394021782,0.111005551,6.437042634,3,1,2,273.2387097,22.08661732,22.00375149,3.612610588,15.01128681,29.17016786,0.018158647,0.726812167,0.019392661,0.537302604,0.020885793,0.692614262,0.011038273,0.00896562,0,0,28.19486277,2012.956536,0,0,-283.4258798,669.5839343,-250.7858027,812.490359,-454.560483,-64.6590634,38.41931692,2113.066065,-409.8983917,114.1912008,0.112068966,0.324699793
696,65,10.70769231,3,0.336409814,0.099172895,6.438516343,3,1,2,268.4675325,20.47065877,20.35960731,2.402922212,13.86241032,25.22799464,-0.027001532,0.836081764,-0.009899176,0.68588742,-0.018202716,0.841183141,0.00694432,0.008221205,0,0,-21.8173206,2038.44772,0,0,-281.0316038,661.5376679,-260.8357077,766.0398711,-412.6108636,-30.09772588,-24.33853729,1998.690259,-385.5487617,124.6346417,0.111590038,0.449772257
696,65,10.70769231,3,0.41389944,0.113727796,6.440051758,2,1,1,263.5294118,22.41776892,21.76038456,4.67821174,14.6932279,38.14877786,0.116858642,0.866012482,0.069963855,0.650582929,0.086039079,0.80314971,0.019634206,0.011244037,0,0,34.06664748,1998.764182,0,0,-272.9853494,670.1592486,-275.5159481,687.420501,-455.7848822,-116.05043,73.49412153,2151.362716,-406.4691208,80.92610646,0.106800766,0.489751553
696,65,10.70769231,3,0.55417016,0.1186383,6.437042634,3,1,2,273.2387097,18.05905886,17.383025,4.931410931,11.54551266,37.47772336,-0.003534524,0.643753691,-0.014322629,0.476131284,-0.022781939,0.618124371,0.009010968,0.009098053,0,0,157.9242726,2029.445439,0,0,-259.7219778,712.7722135,-274.709345,659.455565,-511.4004385,-106.8549141,171.5653863,2115.946846,-434.3237729,144.254298,0.124521073,0.35389234
696,65,10.70769231,3,0.292617199,0.104103246,6.435629175,3,1,2,277.8461538,26.77203935,26.99520607,5.281765714,6.966918736,34.95070915,-0.009974704,0.786745995,-0.010072451,0.587244643,-0.01734378,0.74545539,0.00900234,0.008468263,0,0,-26.42115058,2101.75939,0,0,-256.846033,724.662721,-253.7323847,704.057175,-389.1525255,-98.93913885,-34.80009904,2120.35911,-352.2290511,167.6447132,0.118773946,0.403726708
696,65,10.70769231,3,0.431970409,0.11767375,6.438516343,3,1,2,268.4675325,22.85700908,21.87287112,5.156796638,6.010058083,34.97224314,-0.017445979,0.661058053,-0.007102363,0.477776464,-0.013728725,0.623435338,0.007650604,0.009168076,0,0,60.32613042,2031.469093,0,0,-264.0329008,719.7671113,-275.4873484,725.179829,-460.3753221,-79.18314961,51.00923732,2039.543234,-427.6277759,59.49354928,0.100095785,0.507349896
696,65,10.70769231,3,0.395673768,0.081151708,6.435629175,3,1,2,277.8461538,11.7938972,11.19508839,2.804619472,5.10485445,21.67186672,-0.058360194,0.674068723,-0.004520925,0.386014956,-0.010589069,0.515419242,0.005904233,0.004405602,0,0,20.2967496,2083.943844,0,0,-282.437416,687.8494704,-281.8550705,700.552384,-454.7555279,-93.94998957,31.57873264,2059.256789,-414.9098676,72.40075906,0.106321839,0.324596273
696,65,10.70769231,3,0.478602626,0.127161089,6.437042634,3,1,2,273.2387097,24.03071578,24.13601136,6.521953847,14.13558604,38.60565834,-0.038266822,0.692450821,-0.019014499,0.53417563,-0.029005449,0.685007044,0.005984468,0.011270854,0,0,117.9995563,2172.405934,0,0,-265.0326869,720.8725306,-274.1406564,651.8098218,-468.5256697,-25.78605588,106.1336312,2133.401331,-433.382952,136.417596,0.126915709,0.408012422
696,65,10.70769231,3,0.457793248,0.10519377,6.438516343,3,1,2,268.4675325,16.93438034,17.52790621,3.588098339,9.654036699,23.29529949,-0.044765591,0.736531315,-0.021760025,0.562420966,-0.032215382,0.707849418,0.005266351,0.008334088,0,0,70.26871338,2054.891312,0,0,-227.9296949,854.054146,-274.3372807,679.0997031,-475.7032801,-86.0572301,63.69599667,1988.373357,-425.6385607,97.17046309,0.110632184,0.351966874
696,65,10.70769231,3,0.389392348,0.110901285,6.438516343,3,1,2,268.4675325,22.40535622,22.36103969,5.083612346,10.77338633,34.59472428,-0.023084258,0.722897543,-0.000257403,0.55417156,-0.004227832,0.705645042,0.007096526,0.008880994,0,0,48.55733306,2172.991328,0,0,-271.4120223,641.8832748,-295.6808562,574.9532716,-451.8440412,-104.4117332,51.92709402,2138.122557,-408.1310199,71.71715467,0.106800766,0.359109731
696,65,10.70769231,3,0.387937301,0.116175402,6.438516343,3,1,2,268.4675325,24.64195591,26.14915227,9.887356705,3.773027555,41.18465248,0.005161952,0.621641301,0.002589259,0.457279646,-0.001439349,0.609175788,0.01008301,0.008966242,0,0,49.46616324,2074.460939,0,0,-248.0835793,741.6437249,-270.2107896,668.1162312,-426.0343903,-86.6563672,60.65301722,2100.856239,-375.5030688,165.7979271,0.107758621,0.304513458
696,65,10.70769231,3,0.471923488,0.125308106,6.438516343,3,1,2,268.4675325,24.36121438,25.11472467,8.032665662,6.508859425,42.94659053,-0.015989866,0.592596764,-0.007906497,0.449969334,-0.014487158,0.594195357,0.00752566,0.009438791,0,0,121.6944302,2164.32487,0,0,-236.4231224,803.5212303,-235.1645445,802.3649802,-467.2808024,-64.28912296,93.54829763,2084.874297,-430.7312072,69.99796395,0.111111111,0.33757764
696,65,10.70769231,3,0.424998473,0.123667725,6.435629175,3,1,2,277.8461538,26.43485205,25.63943747,7.238144012,5.501716437,46.04165706,0.021178202,0.532676844,0.036348609,0.377245912,0.042168346,0.510737476,0.012139313,0.008200611,0,0,71.16403569,2156.41481,0,0,-254.4574065,789.0213139,-267.0781093,693.2036167,-441.7387808,-35.95706181,30.54040365,1976.33061,-382.0941826,230.6529085,0.110632184,0.339233954
696,65,10.70769231,3,0.383503464,0.144847165,6.440051758,2,1,1,263.5294118,38.69958096,37.51486976,8.456083847,16.67985518,57.77497908,-0.068862066,0.761097902,-0.018417322,0.558055235,-0.027617221,0.712902989,0.000889606,0.01606773,0,0,15.31069064,1972.653051,0,0,-284.699526,574.5489236,-276.4348501,609.5254901,-446.7882455,-119.1938768,19.32736723,2019.158629,-386.2903878,75.11014454,0.111590038,0.350931677
696,65,10.70769231,3,0.45761642,0.109974186,6.437042634,3,1,2,273.2387097,19.40396724,18.54454725,8.492203526,6.453818453,37.08929684,0.065576526,0.670479837,0.048904184,0.496892617,0.058595134,0.647999338,0.01559855,0.008244645,0,0,86.90474628,2111.089835,0,0,-288.3676456,676.7530418,-248.2192249,769.4737059,-480.7166234,-97.49632061,62.34952862,2045.846668,-435.5077824,52.20134432,0.105842912,0.459937888
696,65,10.70769231,3,0.341485415,0.088256548,6.438516343,3,1,2,268.4675325,16.57595877,15.85448667,4.203425142,7.126238712,27.48619417,-0.039073695,0.563747638,-0.011939307,0.375857611,-0.019443299,0.497800221,0.006812042,0.004231615,0,0,-0.926663677,2069.323046,0,0,-262.8050223,710.1475628,-239.5179723,833.7483767,-420.5062362,-83.06230819,24.04475364,2138.270307,-370.3205043,146.7261408,0.116858238,0.350496894
696,65,10.70769231,3,0.490967242,0.127475488,6.437042634,3,1,2,273.2387097,23.36481348,23.75226609,4.457254242,11.77475732,30.42536067,-0.068757936,0.753053641,-0.025583534,0.571913144,-0.038136795,0.721159207,0.001959982,0.01230457,0,0,105.1343642,2068.571299,0,0,-294.5477118,604.0195562,-275.8105853,711.2186536,-476.796741,-43.28535036,97.1897183,2014.848728,-410.3788426,193.220834,0.107758621,0.376625259
696,65,10.70769231,3,0.566416652,0.101733893,6.438516343,3,1,2,268.4675325,13.17399864,13.80682855,3.826949617,5.574438082,20.33560538,0.032014649,0.794253926,0.025349608,0.606000308,0.028293476,0.761140758,0.012147109,0.008124605,0,0,196.5552021,2096.518701,0,0,-252.387319,764.5252176,-246.6616793,686.5557937,-519.9616797,-104.0218604,208.8093594,2124.952475,-477.3122679,4.428788536,0.105842912,0.297681159
696,65,10.70769231,3,0.453565658,0.120214199,6.438516343,3,1,2,268.4675325,23.27028515,23.18653659,6.700636223,9.238138568,41.03805444,-0.039318081,0.725789496,-0.002792029,0.582863767,-0.007330321,0.742883491,0.005436624,0.010643072,0,0,88.05357976,2035.227262,0,0,-259.4525757,745.1331389,-305.9358981,595.9088006,-456.4231587,-68.79225882,75.67222645,2035.176788,-420.5726108,120.4837875,0.111111111,0.322070393
696,65,10.70769231,3,0.470508302,0.111881674,6.440051758,2,1,1,263.5294118,19.09261067,17.96406724,5.118883624,8.879137413,31.19644059,0.114742294,0.712619937,0.07115897,0.506021255,0.087616942,0.655186333,0.019255377,0.008872322,0,0,88.04897701,2030.869811,0,0,-252.6541938,707.9120819,-310.464493,526.0165003,-467.8096239,-71.27615445,98.33713293,2048.030482,-424.3286277,111.7184041,0.110153257,0.391118012
696,65,10.70769231,3,0.411669843,0.12283551,6.437042634,3,1,2,273.2387097,26.87045526,29.03096613,10.2310236,5.573111089,46.00458623,-0.005231113,0.622074624,0.007626237,0.45560877,0.004833483,0.593311151,0.009809484,0.009655586,0,0,35.66889846,2075.652359,0,0,-280.1614873,614.4292972,-273.8611869,697.2614713,-446.9532292,-67.54617155,66.75625434,2150.05251,-400.7550305,149.3056247,0.103927203,0.390973085
696,65,10.70769231,3,0.526285371,0.131587193,6.438516343,3,1,2,268.4675325,23.38153,23.15791381,4.765528984,13.50321598,36.20168403,0.077431024,0.657371029,0.073283345,0.496348776,0.090517928,0.651586436,0.017240646,0.011501126,0,0,149.3675051,2070.841944,0,0,-256.5773781,706.0695803,-275.9198369,602.2550417,-481.4878182,-26.77563112,143.4547677,2026.272989,-438.8623527,110.3214725,0.105842912,0.350538302
696,65,10.70769231,3,0.400277712,0.132656045,6.438516343,3,1,2,268.4675325,31.25014633,31.7644422,7.026364089,13.12362186,46.65800819,-0.040889811,0.688254536,0.000347814,0.503655221,-0.003262869,0.656333402,0.004543045,0.012289143,0,0,48.4157737,2111.326404,0,0,-251.777657,766.1095103,-286.1370375,672.2238873,-452.9499044,-109.3996546,27.91975822,1979.529591,-400.2577936,169.2670932,0.105842912,0.362008282
696,65,10.70769231,3,0.516052525,0.097621273,6.440051758,2,1,1,263.5294118,13.25410224,12.94723674,3.93520411,5.932120834,24.48186749,0.068657108,0.680728538,0.07381901,0.440414381,0.09125268,0.582888504,0.014272908,0.006456368,0,0,139.651892,2112.779497,0,0,-271.5345245,687.3899074,-247.8319837,726.6080918,-492.6631317,-80.14935972,136.2087475,2039.908087,-427.048236,137.0932518,0.110153257,0.452795031
696,65,10.70769231,3,0.514016915,0.115216669,6.440051758,2,1,1,263.5294118,21.0117939,20.23403737,11.35213457,3.956475893,43.58794601,-0.074386447,0.508465669,-0.041389692,0.397548306,-0.058273655,0.530967906,0.002361217,0.007132774,0,0,141.2107054,2028.293861,0,0,-248.6203398,677.200268,-271.4518196,596.100923,-483.7996302,-90.35261911,145.7747083,2082.914894,-445.3295122,28.01666882,0.108716475,0.415217391
696,65,10.70769231,3,0.447520943,0.130930241,6.437042634,3,1,2,273.2387097,27.16358044,25.19434788,6.190154875,15.78397969,41.11327655,-0.066399575,0.695504985,-0.028801665,0.513890045,-0.042276051,0.663150098,0.001918829,0.011966707,0,0,76.85345414,2056.596128,0,0,-288.4360295,684.208554,-268.2945041,734.6648715,-458.3688655,-38.57254658,97.36019412,2149.981388,-427.8611377,73.41823927,0.110632184,0.409544513
696,65,10.70769231,3,0.474689481,0.103978206,6.438516343,3,1,2,268.4675325,16.23939261,15.12987702,4.507517921,10.1250288,26.12117827,-0.044426952,0.690031472,-0.029434044,0.458831931,-0.042453718,0.595014034,0.005800918,0.00741385,0,0,112.7459263,2139.286657,0,0,-246.2437488,746.440415,-294.4969454,639.3578525,-485.8244978,-99.31899702,97.3722834,2037.225803,-417.7292407,142.8314203,0.108237548,0.366293996
696,65,10.70769231,3,0.440147886,0.13201942,6.438516343,3,1,2,268.4675325,28.10569662,25.76496766,6.271957193,20.47466858,51.92722366,-0.046451773,0.863741389,-0.033551853,0.673963356,-0.04735251,0.823287847,0.003931814,0.014998285,0,0,71.96979261,2067.087709,0,0,-297.1902762,651.8279808,-256.9743565,727.1238884,-473.6462513,-114.9335783,71.60211129,2045.789227,-417.0479442,88.52328933,0.113984674,0.336128364
696,65,10.70769231,3,0.52343872,0.130800476,6.437042634,3,1,2,273.2387097,23.2968888,23.84228535,5.659301828,7.446444615,33.54088973,-0.081757334,0.726980474,-0.066925549,0.53275938,-0.089716097,0.690349688,0.000511135,0.012525845,0,0,131.3084371,2056.979833,0,0,-270.3462047,654.4061885,-241.4879685,808.7684165,-501.7832464,-103.2244279,108.3230411,1928.890806,-432.3645798,121.8751279,0.106800766,0.435403727
696,65,10.70769231,3,0.489102844,0.117143033,6.440051758,2,1,1,263.5294118,20.20503599,19.09921278,5.937804908,7.126542786,35.93477674,-0.008906619,0.599062168,0.005669446,0.429641151,0.002803537,0.566644166,0.008442612,0.008360754,0,0,117.7764003,2059.400973,0,0,-284.1432045,604.0914634,-247.6264067,780.5249344,-493.3784183,-114.2225701,110.307152,2029.157637,-434.6217378,72.17435075,0.107758621,0.533229814
696,65,10.70769231,3,0.433135252,0.123293738,6.440051758,2,1,1,263.5294118,25.18070984,26.53321331,6.473621644,9.211810532,35.91893629,-0.029482266,0.639381538,-0.011315998,0.47855234,-0.019462428,0.623176935,0.005943494,0.009833377,0,0,63.76579934,2000.070169,0,0,-254.2496222,767.4660313,-280.4185688,669.4483768,-458.1215222,-95.38989363,70.49560311,2058.859098,-410.9554358,137.5448914,0.112547893,0.488716356
696,65,10.70769231,3,0.42847762,0.109147927,6.440051758,2,1,1,263.5294118,20.38813343,20.03055515,6.190180616,9.671197941,36.03243663,0.065184346,0.674336504,0.035948373,0.526003357,0.041941481,0.67317297,0.014781037,0.008011882,0,0,49.38268815,1965.284542,0,0,-258.66871,699.3571632,-271.4473549,715.6966768,-458.4883522,-89.73833479,50.60560582,2037.580066,-417.9412362,48.94526685,0.105842912,0.455445135
696,65,10.70769231,3,0.448891287,0.103523223,6.438516343,3,1,2,268.4675325,17.35087675,16.20233828,5.818029602,8.971913731,31.42477582,-0.023265444,0.742325678,0.009350339,0.508660736,0.007754866,0.654291638,0.006997787,0.007892049,0,0,59.81254685,2026.963503,0,0,-260.901553,789.5458128,-290.2006673,685.1386856,-463.4201358,-56.94228242,91.77195967,2150.789742,-405.1315122,176.8513899,0.100574713,0.362070393
696,65,10.70769231,3,0.453870882,0.125044845,6.437042634,3,1,2,273.2387097,24.08024431,23.23441489,3.054922015,18.50540678,31.23656906,0.006078671,0.818395022,0.012532522,0.652757463,0.01269371,0.805516215,0.009829155,0.012839549,0,0,84.45458691,2123.997212,0,0,-267.1780124,712.0793063,-297.0738889,664.0108079,-483.0864524,-94.44897346,62.67535942,2084.745092,-392.6513269,244.5575942,0.105842912,0.383519669
696,65,10.70769231,3,0.416323274,0.147594409,6.438516343,3,1,2,268.4675325,36.9065012,38.33767096,7.082569674,24.15009266,50.19860833,-0.068716374,0.775717451,-0.036477122,0.606317337,-0.051244846,0.760586563,0.000785324,0.016889748,0,0,52.65123252,2047.307771,0,0,-286.3845206,718.9422856,-269.946544,642.2843812,-457.9418327,-111.9478414,29.61006392,2028.199599,-392.4833805,178.6425287,0.117337165,0.362236025
696,65,10.70769231,3,0.712856547,0.073381727,6.437042634,3,1,2,273.2387097,5.487207831,4.735903069,2.343826457,2.937714182,14.72333465,0.038956091,0.704321175,0.015618043,0.498555837,0.015659537,0.652803365,0.012124941,0.003713498,0,0,337.4913856,2060.055204,0,0,-251.0678768,639.4797176,-239.8690941,635.7717765,-545.5639068,-118.5232508,309.1896513,2038.543328,-449.3638305,141.8309668,0.10105364,0.304761905
696,65,10.70769231,3,0.536100952,0.1067211,6.438516343,3,1,2,268.4675325,15.98040201,12.84269006,7.155130234,9.482228087,42.05816064,-0.132220759,0.790529511,-0.078585725,0.554168253,-0.105988446,0.708793604,-0.002529381,0.008912011,0,0,156.4229419,2029.424166,0,0,-281.4021914,669.0719013,-286.3426392,612.3090271,-504.3270916,-86.43037466,153.4054638,2094.101214,-419.246247,162.6137555,0.107758621,0.34310559
696,65,10.70769231,3,0.415159223,0.113489898,6.440051758,2,1,1,263.5294118,23.25457023,23.10669596,10.09595752,4.383737988,44.91297903,0.076276736,0.498199968,0.068878069,0.35764105,0.084781549,0.481786784,0.016076316,0.006566872,0,0,56.37288956,2038.623946,0,0,-255.9693548,781.8086137,-297.1409592,578.490422,-448.0458143,-90.53751838,51.37449491,2073.413251,-395.7453872,175.8527094,0.111590038,0.317660455
696,65,10.70769231,3,0.53036909,0.128745416,6.437042634,3,1,2,273.2387097,21.9743801,21.67180016,4.272439858,14.53659508,34.07162201,-0.048084196,0.75668502,-0.032101281,0.564288701,-0.04695331,0.717786747,0.00414375,0.012539504,0,0,124.8076231,2016.761094,0,0,-264.9180332,690.7019273,-237.8463016,788.6675791,-507.9001881,-111.9442114,132.5963411,2039.659571,-437.385083,146.6458559,0.110153257,0.495714286
696,65,10.70769231,3,0.520004861,0.108382995,6.437042634,3,1,2,273.2387097,16.28704187,15.62846658,4.987741343,8.040226104,30.16267886,0.061868502,0.657750971,0.041957928,0.478072942,0.050120744,0.6233528,0.015266671,0.007716543,0,0,104.4630369,1987.488513,0,0,-270.8905865,652.9640643,-278.3544612,657.0517344,-492.9648863,-64.15022892,147.0174132,2125.908965,-431.9960627,138.553638,0.105842912,0.458488613
696,65,10.70769231,3,0.395702795,0.114763601,6.437042634,3,1,2,273.2387097,23.78083853,23.65899939,5.799691404,10.78036996,39.92569199,0.059619673,0.549911073,0.073830405,0.403773252,0.09132095,0.539768003,0.015035934,0.007334007,0,0,37.10522458,2116.634918,0,0,-281.1375936,668.3566436,-266.0773699,713.292831,-457.6767814,-122.9490327,20.8367183,2003.108995,-386.7698091,157.6187143,0.112547893,0.384865424
696,65,10.70769231,3,0.320749135,0.13388583,6.440051758,2,1,1,263.5294118,39.0316925,39.01439646,2.230380619,32.54718986,44.91241781,0.104957702,0.95392441,0.086209084,0.843556371,0.106904137,0.94458037,0.020024443,0.017062755,0,0,-25.12312843,1964.799453,0,0,-266.4366386,632.0099896,-258.8639196,662.647612,-407.0676728,-117.7706103,7.486563515,2126.009144,-350.6592573,191.9305745,0.114463602,0.416770186
696,65,10.70769231,3,0.425400868,0.135904998,6.437042634,3,1,2,273.2387097,30.47584637,30.35048516,4.577679348,23.59643478,49.4950873,0.036081036,0.674091429,0.0616441,0.493140252,0.076097205,0.640760559,0.013475719,0.012433528,0,0,65.08083656,2081.005254,0,0,-273.786,692.7713171,-263.8727503,723.3984652,-459.9936087,-105.3578117,72.60343934,2175.800994,-398.5444809,121.9516863,0.114463602,0.45242236
696,65,10.70769231,3,0.560643291,0.088362705,6.437042634,3,1,2,273.2387097,10.13116825,9.690117291,2.668382655,5.453895714,21.35110201,0.053622695,0.669851716,0.075193742,0.477144565,0.092129213,0.623616358,0.013767429,0.005226844,0,0,160.1952536,2014.595198,0,0,-285.3512086,620.0692009,-269.5092457,671.6383481,-515.9021983,-153.2248656,161.7957044,2036.04543,-417.5342025,171.9134863,0.106800766,0.386749482
696,65,10.70769231,3,0.454883889,0.105632099,6.437042634,3,1,2,273.2387097,18.0859233,19.85438062,6.352714831,6.701278423,30.19258018,0.041295444,0.691316929,0.077971541,0.524845432,0.096151621,0.672249531,0.012973386,0.007862066,0,0,95.75451599,2139.199661,0,0,-268.1068847,684.8118328,-268.8394504,715.073354,-473.1460645,-84.32691716,88.31608461,2145.5344,-428.00956,89.02262548,0.114463602,0.34068323
696,65,10.70769231,3,0.427005097,0.104644371,6.438516343,3,1,2,268.4675325,18.15413477,17.87710423,3.15163492,11.57203287,25.19506361,-0.023006017,0.677601436,-0.022320666,0.498510902,-0.032721961,0.644157181,0.00727766,0.007357495,0,0,74.45943244,2150.702647,0,0,-307.3142642,559.2066218,-265.3712498,697.0266772,-468.3550686,-64.80428436,56.39581433,2049.311235,-413.78362,99.85969365,0.114463602,0.370434783
696,65,10.70769231,3,0.475080432,0.120682413,6.440051758,2,1,1,263.5294118,21.89378253,20.94237636,6.822824592,10.68412556,35.83155978,0.052377119,0.605358545,0.058620086,0.42598744,0.072012891,0.56098474,0.01498666,0.008904823,0,0,84.23448098,1984.062736,0,0,-306.2087567,533.3331719,-268.5253662,679.1115071,-493.1426493,-134.2997697,106.801379,2052.588365,-453.7857216,-22.40951812,0.107758621,0.37378882
696,65,10.70769231,3,0.542756061,0.13826822,6.437042634,3,1,2,273.2387097,24.8579992,25.07678841,4.884978257,11.70143056,36.37270079,0.145491858,0.738876457,0.104139512,0.552321898,0.13005972,0.713559293,0.025857488,0.014238247,0,0,150.8838904,2056.354521,0,0,-284.7213807,625.3921787,-283.646044,616.2916661,-489.5763396,-18.8721524,171.3719039,2129.602323,-440.2960861,146.3866946,0.102969349,0.373706004
696,65,10.70769231,3,0.408925148,0.094344671,6.438516343,3,1,2,268.4675325,16.53164499,15.90328468,4.87658056,5.188561087,26.40693265,-0.031210461,0.639886554,-0.003386701,0.501810117,-0.009296797,0.635823111,0.006981583,0.005683773,0,0,35.67819717,1978.327546,0,0,-277.0134769,659.7969044,-281.7354747,631.5809022,-452.9326872,-113.5879175,37.37643339,2003.132847,-411.2236201,60.75908621,0.108237548,0.321759834
696,65,10.70769231,3,0.51831966,0.119268162,6.435629175,3,1,2,277.8461538,19.35524485,18.64662675,3.819662785,14.06504009,30.52926164,0.06749265,0.668300039,0.046935701,0.470755813,0.056070516,0.617538949,0.016474714,0.009405104,0,0,121.8908084,2062.058103,0,0,-278.5652399,648.6902291,-267.9851668,669.1654682,-493.4214055,-85.70974908,134.7694489,2127.005034,-419.8365505,195.4299767,0.106321839,0.377971014
696,65,10.70769231,3,0.531754775,0.109488121,6.438516343,3,1,2,268.4675325,15.96915181,15.74638524,3.092573136,11.58598971,29.47031074,0.094936648,0.781355575,0.055055734,0.565975417,0.066347636,0.729094714,0.017727744,0.009368573,0,0,168.652628,2161.476713,0,0,-261.3989987,677.0218263,-274.9693378,701.5737742,-512.4081879,-154.2321516,171.1755159,2183.721511,-442.4510765,80.3795015,0.107758621,0.311863354
696,65,10.70769231,3,0.434639953,0.085273716,6.437042634,3,1,2,273.2387097,11.72925044,11.45632821,1.735752039,8.359511184,17.96438949,0.090310757,0.763564232,0.038089843,0.488534653,0.04454318,0.631826582,0.016082395,0.005547761,0,0,57.32008324,2084.166377,0,0,-297.3705858,598.2647457,-286.022795,650.5863127,-470.9418083,-76.18347512,61.2493626,2121.492851,-422.6547553,106.3019451,0.116858238,0.329130435
696,65,10.70769231,3,0.387328657,0.099732825,6.438516343,3,1,2,268.4675325,19.0963113,19.44651856,6.461950092,4.296456876,32.51790934,0.002250294,0.555269644,0.026381576,0.421840582,0.029659429,0.566706227,0.00940398,0.00578364,0,0,37.75814185,2123.265727,0,0,-261.6913953,745.8918972,-263.4698653,727.6879558,-436.3482794,-68.00063172,2.791006291,1951.502361,-393.8064251,86.35779587,0.118773946,0.293084886
696,65,10.70769231,3,0.469454337,0.131957036,6.437042634,3,1,2,273.2387097,26.04582331,25.72458397,4.072292469,14.67935931,36.56596304,-0.036025272,0.740195171,-0.013169553,0.543922907,-0.021610876,0.687660684,0.00520953,0.012868217,0,0,104.6635962,2156.270107,0,0,-277.0048337,658.4515303,-269.6668736,758.857738,-476.4313903,-82.83502788,105.5891845,2073.786168,-427.0447229,87.79001129,0.11637931,0.364989648
696,65,10.70769231,3,0.39381694,0.118397836,6.438516343,3,1,2,268.4675325,25.35850154,23.1841487,7.339182175,14.49227893,44.60041184,0.028685504,0.623516035,0.046128781,0.438014914,0.055202456,0.579146139,0.012647472,0.008699354,0,0,11.10598207,1977.089307,0,0,-240.0580114,832.6431722,-271.2905554,742.9540612,-434.9838014,-51.51858781,31.12098675,2046.42349,-391.6246409,151.1727516,0.119252874,0.347681159
696,65,10.70769231,3,0.511749683,0.109796844,6.437042634,3,1,2,273.2387097,16.6525115,16.88786938,3.455443658,8.171073587,24.72947084,0.016590571,0.803187531,0.022333428,0.66254951,0.024411418,0.822875738,0.010927893,0.009811173,0,0,130.3751863,2059.889,0,0,-253.9590697,717.5315435,-271.6504343,676.9297806,-493.3913995,-87.88619532,129.1801804,2056.77876,-436.3923633,102.490065,0.11302682,0.29484472
696,65,10.70769231,3,0.518607186,0.111094011,6.438516343,3,1,2,268.4675325,17.50986837,17.15134732,5.957015588,4.724239291,34.57742713,0.09728392,0.458457196,0.06061309,0.299713899,0.073550141,0.403900715,0.018067288,0.005736077,0,0,125.1592193,2006.147441,0,0,-294.9945423,535.3971557,-259.3214411,740.5220849,-486.629054,-74.44633644,125.9725562,1987.375114,-422.5177185,172.8532018,0.102969349,0.369254658
696,65,10.70769231,3,0.410889831,0.131659081,6.438516343,3,1,2,268.4675325,29.90912864,30.41225552,5.507338105,15.50704231,42.74394394,-0.129775818,0.579059838,-0.079096197,0.392465973,-0.105927741,0.531447207,-0.005008789,0.010046749,0,0,52.89550711,2082.421047,0,0,-275.4935647,659.7153397,-288.4806154,617.4312415,-442.7131028,-75.86580524,46.32102675,2020.353337,-402.972172,93.78560195,0.11302682,0.369213251
696,65,10.70769231,3,0.550527587,0.105134704,6.437042634,3,1,2,273.2387097,14.46267076,13.72064522,4.057348236,8.065597405,25.68900479,-0.071236199,0.700787095,-0.022778093,0.496303154,-0.031780295,0.629660182,0.003197363,0.00771184,0,0,167.4392774,2114.885723,0,0,-277.7374581,643.7355473,-284.4749798,660.9858849,-503.0391459,-55.48892306,206.3276576,2206.989939,-429.1809149,148.2373769,0.115421456,0.396438923
696,65,10.70769231,3,0.410636798,0.10533635,6.437042634,3,1,2,273.2387097,19.9087668,19.20065831,8.971544634,6.25948526,37.14216946,0.10447448,0.617482251,0.101854929,0.465266301,0.127730291,0.620835572,0.019250877,0.006979933,0,0,43.72862541,2059.230112,0,0,-262.3261563,700.1738359,-277.4388787,709.7090021,-460.4967285,-136.7200729,31.21053603,2096.774864,-422.4587726,58.63431239,0.106800766,0.448592133
888,65,13.66153846,3,0.396285713,0.072181712,6.681607381,3,1,2,343.9183673,11.80729665,10.19209966,3.519837462,8.099945941,22.45336498,0.047977547,0.87622468,0.062785358,0.547305631,0.077291411,0.70552653,0.012346164,0.004495734,0,0,30.29287601,2623.471155,0,0,-353.7803244,885.7158089,-335.7062406,963.5824308,-598.1217459,-196.9930189,26.63345982,2583.581539,-511.3821482,221.483146,0.110735736,0.327694076
696,65,10.70769231,3,0.503371746,0.117016366,6.440051758,2,1,1,263.5294118,20.43689279,21.38838408,9.640097479,5.402173214,37.94316557,-0.027526464,0.702069295,-0.015308135,0.541820637,-0.024032582,0.694069339,0.006467329,0.010028035,0,0,126.4898557,2061.055318,0,0,-277.3548189,655.3862455,-266.3647619,686.4099935,-473.7474809,-56.55461726,123.7046199,2025.652968,-451.9925864,-12.63077994,0.113984674,0.318985507
696,65,10.70769231,3,0.451759812,0.113291654,6.437042634,3,1,2,273.2387097,21.09749091,20.73512431,8.541814323,8.450657756,39.07497074,-0.105037953,0.737170028,-0.074002659,0.565890621,-0.099886286,0.726617145,-0.000596954,0.009476149,0,0,75.13862347,2100.741444,0,0,-287.3636038,646.808213,-281.597439,674.585273,-473.1832124,-77.55269756,89.58259536,2129.070113,-406.852504,147.1442938,0.107758621,0.337701863
696,65,10.70769231,3,0.449414605,0.13283204,6.437042634,3,1,2,273.2387097,27.51341215,27.14784804,4.628416412,14.82326298,42.50454128,-0.08046049,0.800497972,-0.040360865,0.627440433,-0.057190559,0.770568769,0.000533749,0.014084371,0,0,74.79733593,2105.865675,0,0,-267.883272,765.0928991,-262.0108436,734.9894304,-455.1609263,3.015447323,84.09123602,2116.250947,-404.2069072,173.7366326,0.115900383,0.36068323
888,65,13.66153846,3,0.503861999,0.102733863,6.67929921,3,1,2,353.4545455,20.87114151,20.38917952,10.6232707,4.735278995,44.95734843,0.00297146,0.547047556,0.007738621,0.419521669,0.005565767,0.556106012,0.010484504,0.006050411,0,0,137.7450063,2619.401906,0,0,-358.6246117,839.3853873,-310.9888679,1020.018499,-641.2701641,-167.6312552,181.2674113,2717.596367,-545.713347,192.1544136,0.113363363,0.342236977
696,65,10.70769231,3,0.493394108,0.106233223,6.438516343,3,1,2,268.4675325,17.1596197,16.63186155,7.905877966,5.912752384,35.38855785,0.015612293,0.518789638,0.007299183,0.373405311,0.00480507,0.496066229,0.010645819,0.005904841,0,0,110.3075765,2087.801811,0,0,-264.6895667,716.9090678,-272.9221921,657.9492772,-480.1895717,-46.13601441,112.7234572,2037.623774,-429.6902576,141.844842,0.116858238,0.288695652
696,65,10.70769231,3,0.496303644,0.090538154,6.437042634,3,1,2,273.2387097,12.46762011,13.50647912,4.212251442,3.736244639,23.06828124,-0.011913622,0.607793691,-0.022890733,0.474801938,-0.034691104,0.622997838,0.008832061,0.005115858,0,0,108.991314,2056.208104,0,0,-245.9952989,743.3585481,-306.2145754,626.7725988,-487.5759968,-69.90151477,85.18534914,1994.927244,-416.1796598,168.7146049,0.112068966,0.428074534
696,65,10.70769231,3,0.539850523,0.096339527,6.438516343,3,1,2,268.4675325,12.01529438,11.73490391,1.619535005,9.408074848,17.04215455,-0.083653968,0.881740316,-0.047989668,0.677257593,-0.06686633,0.837297214,0.002691828,0.008168577,0,0,140.6621923,2051.890655,0,0,-263.068912,776.3503039,-292.7677551,590.6467284,-510.8024164,-111.013706,162.5841568,2146.482106,-463.5911657,48.98823616,0.114463602,0.406563147
696,65,10.70769231,3,0.441716112,0.140098269,6.438516343,3,1,2,268.4675325,31.26298492,32.18101308,5.742850652,17.24385065,42.68492443,0.052505967,0.686197733,0.052690785,0.508335175,0.06354516,0.654545369,0.01481313,0.013558602,0,0,75.235451,2072.037535,0,0,-261.6445824,732.6796052,-263.6558324,719.8329751,-468.0715208,-131.592044,73.86941126,2034.502684,-416.370878,113.4229365,0.116858238,0.389192547
696,65,10.70769231,3,0.466434478,0.109600664,6.438516343,3,1,2,268.4675325,19.28969391,21.57629056,8.235659311,2.462502443,33.30192389,0.006643446,0.72379765,0.019673221,0.525207619,0.022082925,0.676247075,0.009811872,0.009100404,0,0,100.7263268,2064.180713,0,0,-259.0219235,705.127249,-269.3658468,746.8720462,-489.2206543,-148.9358311,77.4925613,2016.115252,-422.0811874,139.8614738,0.101532567,0.336459627
696,65,10.70769231,3,0.491507448,0.117302319,6.438516343,3,1,2,268.4675325,20.38525186,20.16344079,7.516339174,9.84200181,39.70251387,0.002524802,0.679940817,0.012261708,0.509288827,0.010531052,0.654409923,0.010017462,0.009437445,0,0,137.4707808,2176.984058,0,0,-279.9735858,637.3145028,-245.6996067,753.0842179,-493.2482058,-144.8454552,103.7223258,2021.92272,-418.9208722,162.6329173,0.108237548,0.374865424
696,65,10.70769231,3,0.53598024,0.112186383,6.437042634,3,1,2,273.2387097,16.97964219,16.01608093,6.062873341,5.110304378,37.59563484,-0.041298473,0.70359466,0.005693632,0.558735591,0.002743919,0.713288831,0.006000833,0.008912461,0,0,139.1704758,2081.371624,0,0,-246.5001378,766.4392477,-268.7198709,664.9108532,-499.9511678,-68.26796377,149.5336674,2092.228163,-448.1316067,101.120805,0.117816092,0.305859213
552,65,8.492307692,3,0.551196557,0.106047705,6.206435961,3,1,2,214.2439024,11.41496607,10.89278981,1.807096756,9.145907973,18.93323685,-0.002673559,0.683677629,-0.005925588,0.45485418,-0.012581127,0.589617968,0.009017546,0.007631318,0,0,108.1911853,1545.038578,0,0,-220.4607656,534.3848811,-213.7981933,535.9787818,-404.0452945,-65.79669202,105.4107699,1592.551244,-332.2301352,189.3711721,0.117149758,0.338863636
696,65,10.70769231,3,0.495922749,0.126980623,6.437042634,3,1,2,273.2387097,23.77434274,24.71997542,6.362359807,6.612695093,35.55927925,0.012132355,0.527626689,0.011564302,0.380528952,0.010621923,0.507186434,0.010390215,0.008695897,0,0,106.6469472,2082.720604,0,0,-272.0670542,700.020525,-267.6874488,713.4440969,-489.9867946,-114.041209,114.3765739,2083.050701,-419.6459646,148.777169,0.104885057,0.477204969
696,65,10.70769231,3,0.464165058,0.130733912,6.437042634,3,1,2,273.2387097,25.94243834,25.32643135,5.221430379,12.15014369,39.65937319,0.032697909,0.682126925,0.035251969,0.509758696,0.04214863,0.656177294,0.013153201,0.011830715,0,0,89.90242385,2078.736485,0,0,-279.3071818,721.3841002,-278.4471429,687.3268239,-484.2516537,-101.8427541,85.13970344,2076.325257,-412.8898101,199.3410003,0.113984674,0.450869565
696,65,10.70769231,3,0.421966073,0.111901348,6.437042634,3,1,2,273.2387097,20.97798722,21.43098493,4.099472773,10.04145862,30.29548369,-0.041175633,0.707403376,0.000961979,0.544344946,-0.003084861,0.700007606,0.005517072,0.008940979,0,0,42.32091945,2073.763645,0,0,-301.9901845,583.0578685,-276.9720647,675.0212833,-460.7961952,-66.21511528,59.94279924,2117.324257,-408.0990295,182.4472714,0.111111111,0.30173913
664,65,10.21538462,3,0.466009991,0.131007575,6.391567665,3,1,2,255.8911565,24.76738845,24.62236624,4.097049638,15.39679407,37.46009181,-0.202578669,0.712652963,-0.136013751,0.511054221,-0.179821086,0.663933955,-0.013094166,0.012263829,0,0,98.43510467,1963.659271,0,0,-245.5683414,684.565768,-264.4329425,620.7783343,-458.1588989,-89.4515687,90.06384821,1965.613351,-392.7092304,154.4037081,0.112449799,0.375146992
696,65,10.70769231,3,0.391272297,0.129698793,6.438516343,3,1,2,268.4675325,31.03529463,31.13635735,8.59472826,12.7248669,50.41541373,-0.059676949,0.587429864,-0.024818225,0.42902013,-0.03725164,0.551625494,0.002069654,0.010242418,0,0,38.49808513,2109.899163,0,0,-252.7651879,758.8361299,-272.1305856,617.6196581,-449.0652128,-107.3022156,48.20303345,2125.627947,-405.4765359,128.6543378,0.102969349,0.33173913
696,65,10.70769231,3,0.460246731,0.116529231,6.440051758,2,1,1,263.5294118,21.12983723,20.12066227,7.207617615,9.302022387,40.41931183,0.056211128,0.587696146,0.047837192,0.395695041,0.05790843,0.531107244,0.015407295,0.008039722,0,0,89.78922584,2078.417201,0,0,-284.1135215,623.4949848,-287.81723,612.5188947,-474.3543413,-110.3098121,102.6039412,2064.670157,-403.09873,186.8509373,0.118295019,0.386563147
696,65,10.70769231,3,0.490570515,0.112276275,6.440051758,2,1,1,263.5294118,19.53891571,20.73196175,7.993550912,5.391529591,39.24362414,0.012292977,0.690663026,0.017254731,0.521258759,0.018072047,0.672890706,0.010584616,0.008939337,0,0,114.6712118,2056.327331,0,0,-275.3503217,610.2628618,-287.0542604,586.1572703,-496.7039896,-146.7155231,129.5980915,2115.230336,-405.084304,153.734562,0.113505747,0.429772257
696,65,10.70769231,3,0.416797841,0.120671877,6.437042634,3,1,2,273.2387097,24.59355003,23.26291195,3.880917544,19.5950367,34.99916765,-0.069444297,0.803504324,-0.022112163,0.581907425,-0.033134144,0.736733027,0.002259022,0.01167433,0,0,50.91577799,2136.722311,0,0,-281.0408948,714.4599736,-274.2186758,710.7840156,-468.683406,-140.0958581,72.11747089,2241.107457,-417.1895908,70.34534262,0.114942529,0.323478261
696,65,10.707692,3,0.446042,0.114428,6.438516,3,1,2,268.467532,21.516117,21.696965,7.337374,7.897252,45.151439,-0.008843,0.486812,0.001349,0.347337,-0.0033,0.468004,0.008589,0.006229,0,0,68.381283,2076.858035,0,0,-312.246634,546.43392,-265.427409,685.333907,-457.204562,-57.903581,109.841691,2233.467897,-409.305387,110.494781,0.106322,0.475714
